HAVE_MILITARY_SCORE_LESS_THAN;Have a lower Military Score than: ;Disposent d'un score militaire inférieur à :  ;Geringere militärische Punktzahl als ;;Tiene una puntuación militar menor que: ;;;;;;;;x;
EVTNAME100008;Constantinople Conference.;;;;;;;;;;;;x  ;
EVTDESC100008;After a lot of turmoil in our European holdings, and the Great Powers of Europe, not considering we can keep everything under control, try to force us into accepting a humiliating treaty.;;;;;;;;;;;;x  ;
EVTOPTA100008;We are in no position to fight this back.;;;;;;;;;;;;x  ;
EVTOPTB100008;Great Powers of Europe, we are not giving up any land.;;;;;;;;;;;;x;
EVTNAME100009;The Ottoman Empire denies our petitions.;;;;;;;;;;;;x;
EVTDESC100009;After the Convention, they still think they have an opportunity to fight us back.;;;;;;;;;;;;x;
EVTOPTA100009;Damn Turkish.;;;;;;;;;;;;x;
EVTNAME103200;Bulgarian Rumelia.;;;;;;;;;;;;x;
EVTDESC103200;This land was an autonomous province under Otooman rule, maybe it is time for us to take it back to Bulgaria.;;;;;;;;;;;;x;
EVTOPTA103200;It is Bulgarian and will be in Bulgaria.;;;;;;;;;;;;x;
EVTNAME103201;$COUNTRY_ADJ$ independence.;;;;;;;;;;;;x;
EVTDESC103201;After allowing Austria-Hungary to annex Bosnia, the Ottoman is too weak to try and stop us.;;;;;;;;;;;;x;
EVTOPTA103201;Long Live $COUNTRY$;;;;;;;;;;;;x;
EVTNAME102800;Hungary asks for more autonomy.;;;;;;;;;;;;x;
EVTDESC102800;Hungarians, feeling our weakness, are asking for more autonomy, and we cannot stop them... for now,;;;;;;;;;;;;x;
EVTOPTA102800;We say yes to everything you ask for.;;;;;;;;;;;;x;
EVTOPTB102800;IDK 'bout you, but I am feeling 22 and Hungarian.;;;;;;;;;;;;x;
EVTNAME102900;Venetian Revolution.;;;;;;;;;;;;x;
EVTDESC102900;A wave of revolts in Venetia is threatening our dominions there.;;;;;;;;;;;;x;
EVTOPTA102900;Venetia is Austrian and must remain as so!;;;;;;;;;;;;x;
EVTOPTB102900;A Venetia a day keeps the doctor away.;;;;;;;;;;;;x;
EVTNAME103000;Lombard revolution.;;;;;;;;;;;;x;
EVTDESC103000;A wave of revolts in Lombardy is threatening our dominions there.;;;;;;;;;;;;x;
EVTOPTA103000;Lombardy is Austrian and must remain as so!;;;;;;;;;;;;x;
EVTOPTB103000;A Lombardy a day keeps the doctor away.;;;;;;;;;;;;x;
EVTNAME109000;The Krakowian question.;;;;;;;;;;;;x;
EVTDESC109000;Krakow should be neutral, but in fact they are a destabilizing factor, why not to take them out of the way?;;;;;;;;;;;;x;
EVT109000OPTA;Let's ask our neighbours.;;;;;;;;;;;;x;
EVT109000OPTB;We shouldn't ask anyone.;;;;;;;;;;;;x;
EVTNAME109001;The Prussian answer.;;;;;;;;;;;;x;
EVTDESC109001;An Austrian ambassador showed up today asking if we were willing to support them against Krakow.;;;;;;;;;;;;x;
EVTOPTA109001;And we accept wholeheartly.;;;;;;;;;;;;x;
EVTOPTB109001;And he can go back with the news: we don't.;;;;;;;;;;;;x;
EVTNAME109002;The Russian answer.;;;;;;;;;;;;x;
EVTDESC109002;An Austrian ambassador showed up today asking if we were willing to support them against Krakow.;;;;;;;;;;;;x;
EVTOPTA109002;And we accept wholeheartly.;;;;;;;;;;;;x;
EVTOPTB109002;And he can go back with the news we don't.;;;;;;;;;;;;x;
EVTNAME109003;They supported us.;;;;;;;;;;;;x;
EVTDESC109003;They allow us to annex them, and we won't waste any time.;;;;;;;;;;;;x;
EVTOPTA109003;Let's show them who is boss here!;;;;;;;;;;;;x;
EVTNAME102801;Hungarian war of independence.;;;;;;;;;;;;x;
EVTDESC102801;Now that we are more stable, we can finally take down Hungary and their annoying autonomy.;;;;;;;;;;;;x;
EVTOPTA102801;Get ready Hungary, here we come.;;;;;;;;;;;;x;
EVTNAME102901;United we are stronger.;;;;;;;;;;;;x;
EVTDESC102901;Seeing our revolution fail, we have the opportunity to keep fighting if we unite.;;;;;;;;;;;;x;
EVTOPTA102901;Lombardy and Venetia are one country, with one government.;;;;;;;;;;;;x;
EVTNAME103100;Oriental crisis.;;;;;;;;;;;;x;
EVTDESC103100;Egypt once fought us to gain more territory, now we want those lands back...;;;;;;;;;;;;x;
EVTOPTA103100;Egypt is our land and it will remain as so.;;;;;;;;;;;;x;
EVTOPTB103100;Cleopatra, here I go sweetie!;;;;;;;;;;;;x;
EVTNAME103101;Secede The Levant;;;;;;;;;;;;x;
EVTDESC103101;Following our embarassing defeat, we must follow whatever our Lord demans.;;;;;;;;;;;;x;
EVTOPTA103101;And they want a lot from us.;;;;;;;;;;;;x;
EVTNAME106000;Colonial Expansion;;;;;;;;;;;;x;
EVTDESC106000;We will get our rightful lands.;;;;;;;;;;;;x;
EVTOPTA106000;Let's go!;;;;;;;;;;;;x;
EVTNAME103400;Dominican war of independence;;;;;;;;;;;;x;
EVTDESC103400;Dominican people has been under Haitian rule for too long, seems like it is unstoppable.;;;;;;;;;;;;x;
EVTOPTA103400;We gotta fight their insolence.;;;;;;;;;;;;x;
EVTOPTB103400;Dominican Republic was occupied by Haitians, no more!;;;;;;;;;;;;x;
EVTNAME103410;Haitian genocide.;;;;;;;;;;;;x;
EVTDESC103410;Haitians fight with machetes, we got guns, we have killed more than 2 thousand in less than a day, and then they want us to surrender.;;;;;;;;;;;;x;
EVT103410OPTA;They have got to stop this carnage.;;;;;;;;;;;;x;
EVTNAME103411;Haitian genocide.;;;;;;;;;;;;x;
EVTDESC103411;We fight with machetes, they got guns, they have killed more than 2 thousand in less than a day, and then we want them to surrender.;;;;;;;;;;;;x;
EVT103411OPTA;We surrender;;;;;;;;;;;;x;
EVT103411OPTB;Doesn't matter, keep going!;;;;;;;;;;;;x;
EVTNAME103412;Haiti surrenders;;;;;;;;;;;;x;
EVTDESC103412;After all, Haiti is tired and has lost more men than exppected.;;;;;;;;;;;;x;
EVT103412OPTA;And then it was all.;;;;;;;;;;;;x;
EVTNAME103413;They won't surrender.;;;;;;;;;;;;x;
EVTDESC103413;Doesn't matter the people who die, Haiti wants La Española to remain united!;;;;;;;;;;;;x;
EVT103413OPTA;Let's request aid from the US.;;;;;;;;;;;;x;
EVTNAME103414;The US must aid Dominicans.;;;;;;;;;;;;x;
EVTDESC103414;The US has been seeing everything from away, but maybe we should aid some who need it.;;;;;;;;;;;;x;
EVT103414OPTA;And that is true.;;;;;;;;;;;;x;
EVTNAME2651;Only Cores?;;;;;;;;;;;;x;
EVTDESC2651;The war ended, now it is time we secede the territory they demand.;;;;;;;;;;;;x;
EVT2650OPTA;Yes, we must.;;;;;;;;;;;;x;
EVTNAME2660;Our lands returned!;;;;;;;;;;;;x;
EVTDESC2660;Now that the war ended, and we ended up on the winning side, we must take what is rightfully ours.;;;;;;;;;;;;x;
EVT2660OPTA;That is only our cores.;;;;;;;;;;;;x;
EVT2660OPTB;That is all the land we deserve.;;;;;;;;;;;;x;
EVTNAME104000;Nicaragua wants war.;;;;;;;;;;;;x;
EVTDESC104000;Today, their diplomats arrived and simply said they want to leave the federation either we are comfortable with such action or not, what should we do?;;;;;;;;;;;;x;
EVTOPTA104000;Of course, we won't allow that.;;;;;;;;;;;;x;
EVTOPTB104000;Today is the day to fight the union.;;;;;;;;;;;;x;
EVTNAME104001;Costa Rica wants war.;;;;;;;;;;;;x;
EVTDESC104001;Today, their diplomats arrived and simply said they want to leave the federation either we are comfortable with such action or not, what should we do?;;;;;;;;;;;;x;
EVTOPTA104001;Of course, we won't allow that.;;;;;;;;;;;;x;
EVTOPTB104001;Today is the day to fight the union.;;;;;;;;;;;;x;
EVTNAME104002;Honduras wants war.;;;;;;;;;;;;x;
EVTDESC104002;Today, their diplomats arrived and simply said they want to leave the federation either we are comfortable with such action or not, what should we do?;;;;;;;;;;;;x;
EVTOPTA104002;Of course, we won't allow that.;;;;;;;;;;;;x;
EVTOPTB104002;Today is the day to fight the union.;;;;;;;;;;;;x;
EVTNAME104003;El Salvador wants war.;;;;;;;;;;;;x;
EVTDESC104003;Today, their diplomats arrived and simply said they want to leave the federation either we are comfortable with such action or not, what should we do?;;;;;;;;;;;;x;
EVTOPTA104003;Of course, we won't allow that.;;;;;;;;;;;;x;
EVTOPTB104003;Today is the day to fight the union.;;;;;;;;;;;;x;
EVTNAME104011;Is it worthy of the try.;;;;;;;;;;;;x;
EVTDESC104011;After trying to take some land back, it is noticeable that people don't want an union, that we don't have enough troops to fight this back, and that our people is already exhausted for this warry action.;;;;;;;;;;;;x;
EVT104020OPT;El Salvador will show them who is right.;;;;;;;;;;;;x;
EVT104011OPTA;Central America will remain divided.;;;;;;;;;;;;x;
EVT104011OPTB;No step back.;;;;;;;;;;;;x;
EVTNAME104020;El Salvadorian invasion.;;;;;;;;;;;;x;
EVTDESC104020;El Salvador is being invaded, now we have to let their regiments enjoy the poor land we are living in.;;;;;;;;;;;;x;
EVTNAME104012;Peace!
EVTNAME107000;Colonization of Algiers;;;;;;;;;;;;x;
EVTDESC107000;Algeria has been independent for too long, it is time for us to step in and make them ours.;;;;;;;;;;;;x;
EVTOPTA107000;Of course we will!;;;;;;;;;;;;x;
EVTNAME1080000;Treaty of London;;;;;;;;;;;;x;
EVTDESC1080000;After many years of not recognising Belgium's independence. It is time to choose a settlement. The Great Powers of Europe gathered in London and offer us a treaty, should we just keep our head held high or should we allow them to exist?;;;;;;;;;;;;x;
EVT1080000OPTA;We agree on this issue.;;;;;;;;;;;;x;
EVT1080000OPTB;Belgium is ours and we won't make up our mind!.;;;;;;;;;;;;x;
EVTNAME1080001;Netherlands agrees with the terms.;;;;;;;;;;;;x;
EVTDESC1080001;After a lot of back and forth, the Netherlands agrees on the terms of the treaty, do we accept?;;;;;;;;;;;;x;
EVTOPTA1080001;Yes! The Netherlands will finally recognise our existence.;;;;;;;;;;;;x;
EVTOPTB1080001;No, we will not secede any territory.;;;;;;;;;;;;x;
EVTNAME1080002;Talks break down!;;;;;;;;;;;;x;
EVTDESC1080002;After a long time, the Belgian delegation does not agree on the terms of the treaty, so we have the opportunity to take them back!;;;;;;;;;;;;x;
EVT1080002OPT;It is time for war.;;;;;;;;;;;;x;
EVTNAME110000;France requests Saigon;;;;;;;;;;;;x;
EVTDESC110000;A lot of reports have been delivered to us saying Vietnamese riots have been killing missionaries, so we have to protect them against those filthy uncivilized Vietnamese people.;;;;;;;;;;;;x;
EVTOPTA110000;They will regret their wrongdoings.;;;;;;;;;;;;x;
EVTDESC110001;Some missionaries have been prosecuted in our country, for such small things, France is coming to us with an excessive reaction to this, and we conclude they just want our land.;;;;;;;;;;;;x;
EVTOPTA110001;People might get angry, but we cannot do a thing to change this.;;;;;;;;;;;;x;
EVTOPTA110001;$FROMCOUNTRY_ADJ$ diplomats can go back to $FROMCOUNTRY$, we are not going to allow them to step on us.;;;;;;;;;;;;x;
EVTNAME110003;Request of Cochinchina.;;;;;;;;;;;;x;
EVTDESC110003;$FROMCOUNTRY$ controls Saigon, and now thinks it is a good idea to control all the south of our country, they convinced our king in them and the governor resigned after accepting, should we ratify this?;;;;;;;;;;;;x;
EVTOPTA110003;We can do absolutely nothing about this.;;;;;;;;;;;;x;
EVTDESC110002;After our success in the Saigon campaign, it is time we demonstrate who is the one in charge in Indochina.;;;;;;;;;;;;x;
EVTOPTA110002;Dai Nam will not refuse our petition.;;;;;;;;;;;;x;
EVTNAME110004;Lao and Cambodian lands;;;;;;;;;;;;x;
EVTDESC110004;Now that Vietnam is ours, it is time we expand our foothold in Indochina. Siam has a lot of Lao and Cambodian people, maybe we can take advantage from this.;;;;;;;;;;;;x;
EVTNAME110005;$FROMCOUNTRY_ADJ$ ultimatum;;;;;;;;;;;;x;
EVTDESC110005;$FROMCOUNTRY$ want our lands, and they want them now. After manufactoring another casus belli claiming we were causing conflict in the border.;;;;;;;;;;;;x;
EVTOPTA110005;We have to accept their terms,;;;;;;;;;;;;x;
EVTOPTA110004;They better accept.;;;;;;;;;;;;x;
EVTNAME110009;Norway wants independence;;;;;;;;;;;;x;
EVTDESC110009;We have been waiting for this moment, after a constitutional crisis and the King's inability to form a government, the Norwegian parliment stated a declaration claiming the disolution of the union with Sweden. Now it is time to see what they think of this.;;;;;;;;;;;;x;
EVTOPTA110009;And we mean every single word in that declaration.;;;;;;;;;;;;x;
EVTDESC110010;After a constitutional crisis and the King's inability to form a government, the Norwegian parliment stated a declaration claiming the disolution of the union with Sweden. Now it is time to see what we should do.;;;;;;;;;;;;x;
EVTOPTA100010;The public and the International Community support their independence, maybe we should as well.;;;;;;;;;;;;x;
EVTOPTB100010;They want war, they will get war.;;;;;;;;;;;;x;
EVTNAME110020;Our lands to the west;;;;;;;;;;;;x;
EVTDESC110020;Poland was once a big and powerful country, and we should get that splendour back!;;;;;;;;;;;;x;
EVTOPT110020;Polish rightful lands they are!;;;;;;;;;;;;x;
EVTNAME110021;Polish lands;;;;;;;;;;;;x;
EVTDESC110021;Poland now controls what is so called theirs, maybe t is time we ronounce to our previous claims to that land.;;;;;;;;;;;;x;
EVTOPT110021;Yes, it is.;;;;;;;;;;;;x;
EVTNAME110025;Greek destiny;;;;;;;;;;;;x;
EVTDESC110025;We control some of our rightful lands, but, where do we want to go after we get all of them?;;;;;;;;;;;;x;
EVTOPTA110025;Anatolia is our rightful land.;;;;;;;;;;;;x;
EVTOPTB110025;The Balkans is our rightful land.;;;;;;;;;;;;x;
EVTNAME955182;Should they take Congo?;;;;;;;;;;;;x;
EVTDESC955182;Today, we have been approached with a petition, to support them with their claims on Congo, should we?;;;;;;;;;;;;x;
EVT955182OPTA;Of course!;;;;;;;;;;;;x;
EVT955182OPTB;Abso-fucking-lutely not.;;;;;;;;;;;;x;
EVT955182OPTC;Idc tbh.;;;;;;;;;;;;x;
EVTNAME955183;They said yes!;;;;;;;;;;;;x;
EVTDESC955183;After asking for their support, they said they would stand by our side, and now with everything on our favour, we can take ove the Congo.;;;;;;;;;;;;x;
EVT955183OPTA;Yay! We will do our best to civilise those cannibals and stupid monkeys!;;;;;;;;;;;;x;
EVTNAME955185;Congo expands;;;;;;;;;;;;x;
EVTDESC955185;Now it is time we expand to the borders we had aggreed on.;;;;;;;;;;;;x;
EVTOPT955185;Let's go!;;;;;;;;;;;;x;
EVTNAME110030;Italian Lybia;;;;;;;;;;;;x;
EVTDESC110030;We have been interested on Lybia since the Crimean war, and the Great Powers have supported our petition, now it is time for us to take what is ours.;;;;;;;;;;;;x;
EVT110030OPTA;Let's send an ultimatum.;;;;;;;;;;;;x;
EVT110030OPTB;We will leave Lybia to the Turks.;;;;;;;;;;;;x;
EVTNAME110031;$FROMCOUNTRY_ADJ$ ultimatum;;;;;;;;;;;;x;
EVTDESC110031;An ultimatum was presented to the Ottoman government on the night of 26–27 September 1911. We are not sure what to do in this tense situation.;;;;;;;;;;;;x;
EVT110031OPTA;We want to talk and negotiate before deciding the fate of our lands.;;;;;;;;;;;;x;
EVT110031OPTB;We are stronger than they think, let's solve this militarily.;;;;;;;;;;;;x;
EVTNAME110032;The $FROMCOUNTRY_ADJ$ response.;;;;;;;;;;;;x;
EVTDESC110032;They answered through an Austro-Hungarian diplomat, they want to negotiate with us to reach a compromise.;;;;;;;;;;;;x;
EVT110032OPTB;Time's ticking.;;;;;;;;;;;;x;
EVTNAME110036;Our final response;;;;;;;;;;;;x;
EVTDESC110036;We've got enough time from Italy to decide the fate of our colony. what will we do?;;;;;;;;;;;;x;
EVT110036OPTA;Let them come for it.;;;;;;;;;;;;x;
EVT110036OPTB;We have to secede our territory.;;;;;;;;;;;;x;
EVTNAME110037;$FROMCOUNTRY$ doesn't accept;;;;;;;;;;;;x;
EVTDESC110037;After knowing our rquest, and talks breaking down, we have done everything in our power to protect our interests, they brought this upon themselves.;;;;;;;;;;;;x;
EVT110037OPTA;And there is nothing else we can do.;;;;;;;;;;;;x;
EVTNAME110038;Tripoli must be annexed;;;;;;;;;;;;x;
EVTDESC110038;After our war, and the liberation of this land, we have to make a pacific annexation possible.;;;;;;;;;;;;x;
EVT110038OPTA;And Tripoli is Italian soil.;;;;;;;;;;;;x;
EVTDESC110039;Now that we have pacified this land, it is time to fully annex them.;;;;;;;;;;;;x;
EVTNAME110046;Donghak Rebellion;;;;;;;;;;;;x;
EVTDESC110046;In 1894, the magistrate of Gobu, Jo Byeonggap, had created various oppressive laws and forced the peasants to build reservoirs and settle in unowned lands in order to get rich from taxes and fines. Angry peasants tried to take Gobu. At first they failed, but eventually the city was captured by the rebels. The government reached a deal with them, but secretly asked Chinese troops into Korea in order to calm the waters, but that might anger Japan.;;;;;;;;;;;;x;
EVT110046OPTA;We had no option left.;;;;;;;;;;;;x;
EVTNAME110040;Korean revolt;;;;;;;;;;;;x;
EVTDESC110040;Chinese troops had crossed the border to aid the Korean government, but they didn't notify us of this situation, as it was previously dealed. Now we have a pretext to get them out of Korea.;;;;;;;;;;;;x;
EVT110040OPTA;Korea must be free from those Chinese incompetents.;;;;;;;;;;;;x;
EVT110040OPTB;Nevermind.;;;;;;;;;;;;x;
EVTNAME110041;The Korean incident;;;;;;;;;;;;x;
EVTDESC110041;Some of our troops have been dispatched to The Kingdom of Joseon, and that angered Japanese government, now they demand us to leave Korea, and recognise their influence on it.;;;;;;;;;;;;x;
EVT110041OPTA;We accept their terms.;;;;;;;;;;;;x;
EVT110041OPTB;We won't allow their insolence frighten us.;;;;;;;;;;;;x;
EVTNAME110042;China accepts our terms;;;;;;;;;;;;x;
EVTDESC110042;They accept everything and will recognise our influence on Korea.;;;;;;;;;;;;x;
EVT110042OPTA;Yay.;;;;;;;;;;;;x;
EVTNAME110043;China does not accept.;;;;;;;;;;;;x;
EVTDESC110043;China is not willing to accept our terms, so we will force said terms on them.;;;;;;;;;;;;x;
EVT110043OPTA;And war they will get.;;;;;;;;;;;;x;
EVTNAME110044;Korean status;;;;;;;;;;;;x;
EVTDESC110044;Now with Korea under our firm control, we can start the anexation of the peninsula into our territory.;;;;;;;;;;;;x;
EVTNAME110050;Irish rebellion.;;;;;;;;;;;;x;
EVTDESC110050;After a long time mistreating Irish to the point of killing around one third of their population, they rose up in arms against us.;;;;;;;;;;;;x;
EVTOPTA110050;bloody Irish.;;;;;;;;;;;;x;
EVTOPTB110050;Éire saor.;;;;;;;;;;;;x;
EVTNAME110051;Irish independence;;;;;;;;;;;;x;
EVTDESC110051;After a long war, it is time we recognise Ireland as its own thing, away from us.;;;;;;;;;;;;x;
EVTOPTA110051;Ireland must be free.;;;;;;;;;;;;x;
EVTOPTB110051;No freedom to Ireland.;;;;;;;;;;;;x;
EVTNAME110060;Panamanian Independence.;;;;;;;;;;;;x;
EVTDESC110060;After a long time struggling for independence, we have finally reached the point we have the support of the USA, and they will help us in this struggle.;;;;;;;;;;;;x;
EVTOPTA110060;Yay.;;;;;;;;;;;;x;
EVTOPTB110060;Yay in Panamanian.;;;;;;;;;;;;x;
EVTNAME110061;Panamanian independence;;;;;;;;;;;;x;
EVTDESC110061;Panama declared its independence, but now we have the opportunity to answer back our response.;;;;;;;;;;;;x;
EVT110061OPTA;Panama's existence is not an option.;;;;;;;;;;;;x;
EVT110061OPTB;We recognise their independence.;;;;;;;;;;;;x;
EVTNAME110065;Spanish Cuba;;;;;;;;;;;;x;
EVTDESC110065;After a long rebellion in the island of Cuba, we have the perfect pretext to take away Spanish colonies once and for all.;;;;;;;;;;;;x;
EVT110065OPTA;Those will be rightful American lands.;;;;;;;;;;;;x;
EVT110065OPTB;They are better with Spain.;;;;;;;;;;;;x;
EVTNAME110066;Spanish losses;;;;;;;;;;;;x;
EVTDESC110066;The Spanish-American war has been a humiliating failure for us, now, without La Havana, we are very close to give up on this.;;;;;;;;;;;;x;
EVT110066OPTA;God is giving us a sign.;;;;;;;;;;;;x;
EVTNAME110070;Limburgian annexation;;;;;;;;;;;;x;
EVTDESC110070;Limburg has been an integral part of the German Confederation, and now that it was annexed by the Netherlands, we must claim it back.;;;;;;;;;;;;x;
EVT110070OPTA;I think so.;;;;;;;;;;;;x;
EVTNAME110071;The Limburgian Crisis;;;;;;;;;;;;x;
EVTDESC110071;After claiming Limburg to be only ours, Germany does not support that idea, and now they are claiming it to be theirs. What should we do now?;;;;;;;;;;;;x;
EVT110071OPTA;We will let this cool down eventually.;;;;;;;;;;;;x;
EVT110071OPTB;We have to give that land up.;;;;;;;;;;;;x;
EVTNAME110072;Limburgian crisis is over;;;;;;;;;;;;x;
EVTDESC110072;After a time, German interest in this land has dissipated, now we can claim it is only ours.;;;;;;;;;;;;x;
EVTOPTA110072;German anger wasn't everlasting, just as we predicted.;;;;;;;;;;;;x;
EVTNAME110073;purchase of Luxembourg;;;;;;;;;;;;x;
EVTDESC110073;Ours eyes have always been fixed on expansion, and Germany supported our will to purcharse Luxembourg, so we have to ask The Netherland's king.;;;;;;;;;;;;x;
EVTOPTA110073;Now we have to propose that to the King of the Netherlands.;;;;;;;;;;;;x;
EVTNAME110074;France requests Luxembourg;;;;;;;;;;;;x;
EVTDESC110074;France asks us to sell them Luxembourg, but first we have to ask Germany.;;;;;;;;;;;;x;
EVT110074OPTA;Yeah, Germany must give us permission.;;;;;;;;;;;;x;
EVT110074OPTB;No, we won't accept the deal.;;;;;;;;;;;;x;
EVTNAME110076;Annexation of Luxembourg;;;;;;;;;;;;x;
EVTDESC110076;We have the permission of everyone, and the Netherlands agrees on selling it.;;;;;;;;;;;;x;
EVTOPTA110076;Yay!;;;;;;;;;;;;x;
EVTNAME110077;Conference of London;;;;;;;;;;;;x;
EVTDESC110077;We have been notified that Luxembourg will be bought by France, we have to avoid this move.;;;;;;;;;;;;x;
EVT110077OPTA;We have to reunite all powers and let them choose if they cupport France or us.;;;;;;;;;;;;x;
EVTNAME110078;Luxembourgian crisis;;;;;;;;;;;;x;
EVTDESC110078;Germany has reunited all of us to try and stop France from purchansing Luxembourg, and nowit is our time to choose either we support one side or the other.;;;;;;;;;;;;x;
110078OPTA;Let's support France.;;;;;;;;;;;;x;
110078OPTB;Let's support Germany.;;;;;;;;;;;;x;
EVTNAME112812;Antirrosista coalition;;;;;;;;;;;;x;
EVTDESC112812;After trying to force us into using only the port of Buenos Aires for trading, Argentina is now moving their army towards us, we have to defend our land!;;;;;;;;;;;;x;
EVTOPTA112812;Let's fight them back.;;;;;;;;;;;;x;
EVTNAME112822;Urquiza won;;;;;;;;;;;;x;
EVTDESC112822;Now that Urquiza rules over all of Argentina, Buenos Aires is not going to avail his dictatorship, therefore, will not sign the Confederation treaty, putting an end the union with them.;;;;;;;;;;;;x;
EVTOPTA112822;We will follow the path of the Confederation.;;;;;;;;;;;;x;
EVTOPTB112822;We will follow the path of Buenos Aires.;;;;;;;;;;;;x;
EVTNAME112850;Migration boost;;;;;;;;;;;;x;
EVTDESC112850;Now, that Argentina is united and stable, we are a good place for foreigners to live.;;;;;;;;;;;;x;
EVTNAME112835;Time to annex the rest of Buenos Aires.;;;;;;;;;;;;x;
EVTDESC112835;Now that Buenos Aires exists, it is imperative we try to gain more land.;;;;;;;;;;;;x;
EVTOPTA112835;Yay.;;;;;;;;;;;;x;
EVTNAME112820;Entrerrios unrecognises Juan Rosas;;;;;;;;;;;;x;
EVTDESC112820;Governor of Buenos Aires, Juan Manuel José Domingo Ortiz de Rosas, used to step down from his position as a political move to show his popularity, the rest of the governors from the other provinces were always begging him to stay. On 1951, Rosas resigned and the governor of Entrerrios, Justo José de Urquiza, unexpectedly decided to recognise for the first time that Rosas had stepped down and someone else had got to take his position. The provinces of Corrientes and Santa Fé support Urquiza, while the rest support Rosas.;;;;;;;;;;;;x;
EVTOPTA112820;Entre Ríos is de facto independent now.;;;;;;;;;;;;x;
EVTNAME112830;Entre Rios has been defeated;;;;;;;;;;;;x;
EVTOPTA112830;After a lot of struggle, Entre Ríos gave up, and now it is time to unify our country.;;;;;;;;;;;;x;
EVTOPTA112823;Let's form Argentina.;;;;;;;;;;;;x;
EVTNAME112823;Now that Entre Rios is pacified, we can unify Argentina.;;;;;;;;;;;;x;
EVTOPTA112823;Yay.;;;;;;;;;;;;x;
EVTNAME112824;War of unification;;;;;;;;;;;;x;
EVTDESC112824;Having reached a deal with Buenos Aires in 1859, we thought it was the end of their rebellion, but now they want to unify the country under their banner.;;;;;;;;;;;;x;
EVTOPTA112824;Time to fight them.;;;;;;;;;;;;x;
EVTOPTB112824;Buenos Aires is the strong and right one.;;;;;;;;;;;;x;
EVTNAME112825;We won.;;;;;;;;;;;;x;
EVTDESC112825;We have won the war orf unification, and it is time to do as we have planned.;;;;;;;;;;;;x;
EVTOPTA112825;Yay.;;;;;;;;;;;;x;
EVTNAME112836;Conquest of Chaco Austral.;;;;;;;;;;;;x;
EVTDESC112836;The old regency of Río de La Plata had claimed that land as Argentinian, now, with the military power to do so, we have to pacify that region.;;;;;;;;;;;;x;
EVTOPTA106000;Chaco is ours.;;;;;;;;;;;;x;
EVTNAME112837;Conquest of Chaco Boreal.;;;;;;;;;;;;x;
EVTDESC112837;We have claimed el Chaco Boreal to be Paraguayan since independence, now, with the military power to do so, we have to pacify that region.;;;;;;;;;;;;x;
EVTOPTA112837;Yay.;;;;;;;;;;;;x;
EVTNAME112838;Fixing borders.;;;;;;;;;;;;x;
EVTDESC112838;After gaining all territories we claim ours, we can propose fixed border for both of us to avoid future conflict.;;;;;;;;;;;;x;
EVTOPTA112838;Yes, let's organise the territory.;;;;;;;;;;;;x;
EVTNAME112839;La conquista del desierto.;;;;;;;;;;;;x;
EVTDESC112839;Chile and Argentina have historically claimed La Patagonia as an integral part of their country, even though none really controlled it at all. Now, with the sources availbale, it is time to pacify, conquest and ocupy those territories.;;;;;;;;;;;;x;
EVTOPTA112839;Time to occupy.;;;;;;;;;;;;x;
EVTDESC112840;Now that we control a good porcion of northern Patagonia, we can expand our might even more to the South.;;;;;;;;;;;;x;
EVTDESC112841;With The Northern portion conquered, now we can give our full attention to the South.;;;;;;;;;;;;x;
EVTOPTA112841;So Chile won't have the opportunity to conquer it first.;;;;;;;;;;;;x;
EVTNAME112842;Ocupación de la Araucanía.;;;;;;;;;;;;x;
EVTDESC112842;With the fear of England taking over the strait of Magallanes, we should go and take it first.;;;;;;;;;;;;x;
EVTOPTA112842;England should stop butting into our continent.;;;;;;;;;;;;x;
EVTDESC112843;It took us a long time, but now our territories are connected and pacified.;;;;;;;;;;;;x;
EVTOPTA112843;A long Chile is a happy Chile.;;;;;;;;;;;;x;
EVTDESC112844;Taking Tierra del Fuego might be a risky move, but we had the opportunity to take it first.;;;;;;;;;;;;x;
EVTOPTA112843;And as so, it is Chilean.;;;;;;;;;;;;x;
EVTNAME112845;Tierra del Fuego dispute.;;;;;;;;;;;;x;
EVTDESC112845;Argentinian diplomats have come to us requesting a better settlement for Tierra del Fuego, maybe it is our sign to reach a deal in order to avoid conflict with them in the near future.;;;;;;;;;;;;x;
EVTOPTA112845;Isla Grande will be divided in half.;;;;;;;;;;;;x;
EVTNAME112870;Delegation sent to Bolivia;;;;;;;;;;;;x;
EVTDESC112870;The union is a threat to our independence and existence. As they owe us a lot of money, we want to take this opportunity to ask for our money and if they can peacefully stop their unification.;;;;;;;;;;;;x;
EVT112870OPTA;Knocking the door is not ining.;;;;;;;;;;;;x;
EVTNAME112871;The Chilean concern.;;;;;;;;;;;;x;
EVTDESC112871;Chile sent a diplomat to ask if we could stop our union. They see us as a threat, but are we ready to fight them back in the case of war?;;;;;;;;;;;;x;
EVTOPTB112871;Yes, we are ready for war.;;;;;;;;;;;;x;
EVTOPTA112871;No, we are going to accept their terms.;;;;;;;;;;;;x;
EVTNAME112872;War against the Confederation;;;;;;;;;;;;x;
EVTDESC112872;The Confederation ignored our demand. Now they will face war.;;;;;;;;;;;;x;
EVTOPTB112872;War they asked for, war they will get.;;;;;;;;;;;;x;
EVTNAME112873;Peruvian independentists;;;;;;;;;;;;x;
EVTDESC112873;Many peruvians in government are thinking of independence as an option.;;;;;;;;;;;;x;
EVTOPTB112873;Peru must be free.;;;;;;;;;;;;x;
EVTNAME112881;Peruvian traitors.;;;;;;;;;;;;x;
EVTDESC112881;Peruvian northeners have been thinking of leaving the union. We must stay together at all costs.;;;;;;;;;;;;x;
EVTOPTB112881;Against Peru now we go.;;;;;;;;;;;;x;
EVTNAME112874;Dissolution of the union.;;;;;;;;;;;;x;
EVTDESC112874;We have no option, Peru is free now and we don't have the military power to stop them.;;;;;;;;;;;;x;
EVTOPTB112874;We have got to find our own way.;;;;;;;;;;;;x;
EVTNAME112875;Centralise the power.;;;;;;;;;;;;x;
EVTDESC112875;Having won the war against Peru, we are now ready to become one nation with one people.;;;;;;;;;;;;x;
EVTOPTB112875;Long live our union.;;;;;;;;;;;;x;
EVTNAME112876;Borders in Tarija.;;;;;;;;;;;;x;
EVTDESC112876;Now, with Tarija under control, Bolivian diplomats try to reach a settlement that would benefit both of us. Should we accept?;;;;;;;;;;;;x;
EVTOPTA112876;Yes.;;;;;;;;;;;;x;
EVTOPTA112876;Yes, but no.;;;;;;;;;;;;x;
EVTNAME112877;Acre region.;;;;;;;;;;;;x;
EVTDESC112877;Acre is our land, and we won't stop claiming it any time soon.;;;;;;;;;;;;x;
EVTOPTA112877;Acre is Brazilian, yes sir.;;;;;;;;;;;;x;
EVTNAME113211;January uprising;;;;;;;;;;;;x;
EVTDESC113211;The rebellious Polish people who have been oppressed by us are now organising under a free government and now they want us out of their country.;;;;;;;;;;;;x;
EVTOPTA113211;Poland is Russian.;;;;;;;;;;;;x;
EVTOPTB113211;Poland is not yet lost.;;;;;;;;;;;;x;
EVTNAME913270;Allow crisis.;;;;;;;;;;;;x;
EVTDESC913270;This is an event that will allow you to choose between having crisis in 1836 or 1870.;;;;;;;;;;;;x;
EVTOPTA913270;Allow since 1836.;;;;;;;;;;;;x;
EVTOPTB913270;Allow since 1870.;;;;;;;;;;;;x;
EVTNAME112860;El Laudo Arbitral de París;;;;;;;;;;;;x;
EVTDESC112860;The British have been advancing into Venezuelan land since the 50's. They have tried to reach the Orinoco delta. President Antonio Guzmán Blanco broke diplomatic relations with the British and tried to militarily stop their advance. The USA involved eventually into this crisis to aid Venezuela.;;;;;;;;;;;;x;
EVT112860OPTA;Venezuela demands arbitration!;;;;;;;;;;;;x;
EVTNAME112861;Venezuela demands arbitration.;;;;;;;;;;;;x;
EVTDESC112861;After trying to advance into Venezuela territory, they have broken relations with us and The USA is now supporting them.;;;;;;;;;;;;x;
EVT112861OPTA;Let's ask a GP.;;;;;;;;;;;;x;
EVTNAME112862;Arbitration of Venezuelan crisis;;;;;;;;;;;;x;
EVTDESC112862;Britain, The USA and Venezuela have agreed on arbitration, and came to us for this (The panel of arbitration was never composed by French members though. The panel of arbitration was formed by Russian, British and American delegates.).;;;;;;;;;;;;x;
EVT112862OPTA;We support Venezuela.;;;;;;;;;;;;x;
EVT112862OPTB;We support Britain.;;;;;;;;;;;;x;
EVTNAME112863;Essequibo is Venezelan.;;;;;;;;;;;;x;
EVTDESC112863;French arbitration, supporting Venezuela, has forced us to secede the soil Venezuela claims.;;;;;;;;;;;;x;
EVT112863OPTA;Damn.;;;;;;;;;;;;x;
EVTDESC112890;Tensions have risen for the important resources in Atacama between Chile, Bolivia and Peru. Now that Bolivian government has seized Chilean investors in the zone, Chile demands  this territory as a compensation.;;;;;;;;;;;;x;
EVTNAME112890;Bolivia has seized Chilean inversions.;;;;;;;;;;;;x;
EVT112890OPTA;Let's try to solve this.;;;;;;;;;;;;x;
EVTNAME112891;Chile demands Atacama.;;;;;;;;;;;;x;
EVTDESC112891;Chilean inversions have been expropiated by the Bolivian government, and now they want to soolve this issue.;;;;;;;;;;;;x;
EVTOPTB112891;WAR!;;;;;;;;;;;;x;
EVTOPTA112891;Peace.;;;;;;;;;;;;x;
EVTNAME112892;War of the Pacific.;;;;;;;;;;;;x;
EVTDESC112892;They left us with no options.;;;;;;;;;;;;x;
EVTOPTB112892;War...;;;;;;;;;;;;x;
EVTNAME112896;Overexpansion;;;;;;;;;;;;x;
EVTDESC112896;This is to avoid ugly borders :P;;;;;;;;;;;;x;
EVTOPTB112896;I don't stand ugly borders, and Erodes is sexy uwu;;;;;;;;;;;;x;
EVTNAME112897;The Tacna question.;;;;;;;;;;;;x;
EVTDESC112897;Tacna is Peruvian, and we should give it back.;;;;;;;;;;;;x;
EVTOPTB112897;Peru is our friendo now.;;;;;;;;;;;;x;
EVTNAME112900;Yucatecan revolution.;;;;;;;;;;;;x;
EVTDESC112900;They claim to be too diferent from us, and now they want to rule themselves.;;;;;;;;;;;;x;
EVTOPTA102900;Good luck.;;;;;;;;;;;;x;
EVTOPTB102900;Yucatan, here we go!;;;;;;;;;;;;x;
EVTDESC112901;After a revolution, Yucatecan government wants to be annexed back to Mexico.;;;;;;;;;;;;x;
EVTNAME112901;Petition for annexation.
EVTOPTA102901;Let's annex them.;;;;;;;;;;;;x;
EVTOPTB112901;Ew.;;;;;;;;;;;;x;
EVTDESC112902;After the successful independence of Texas, other parts of our country want to be like them.;;;;;;;;;;;;x;
EVTNAME112902;Rio Grande revolt.;;;;;;;;;;;;x;
EVTOPTA112902;Let them be for now.;;;;;;;;;;;;x;
EVTOPTB112902;Let's repeat the yeehah move.;;;;;;;;;;;;x;
EVTNAME112903;Crush the revolt;;;;;;;;;;;;x;
EVTDESC112903;They tried to become independent and now we have to stop them.;;;;;;;;;;;;x;
EVTNAME112911;War with Sokoto.;;;;;;;;;;;;x;
EVTDESC112911;Sokoto is too big for its own being (Not historical at all, but for the sake of a decent colonization of Africa).;;;;;;;;;;;;x;
EVTOPTA112911;Sokoto will be mine!;;;;;;;;;;;;x;
EVTNAME311020;Republic of Turkey;;;;;;;;;;;;x;
EVTDESC311020;After the caliph was deposed by a violent revolution, Turkey is now vulnerable to minorities. Without a symbol to keep us together, we are permanently divided.;;;;;;;;;;;;x;
EVTOPTA311020;But Turkey will rise stronger than ever.;;;;;;;;;;;;x;
EVTNAME113010;Epirus revolt;;;;;;;;;;;;x;
EVTDESC113010;Epirus region has beeen encouraged to revolt against our mighty and noble hand by those Greeks. It is time to teach them a lesson.;;;;;;;;;;;;x;
EVTOPTA113010;Let's ruin their plans.;;;;;;;;;;;;x;
EVTOPTB113010;Epirus sounds like a cool name, lemme test it.;;;;;;;;;;;;x;
EVTNAME113011;Albanian revolt;;;;;;;;;;;;x;
EVTDESC113011;Albanian people have been under our rule for centuries now, but a wave of nationalism created instability in the region, until they decided to open rebel against us.;;;;;;;;;;;;x;
EVTOPTA113011;And we will openly crush them.;;;;;;;;;;;;x;
EVTOPTB113011;Shqipëria e lirë.;;;;;;;;;;;;x;
EVTNAME112929;Imperial decree;;;;;;;;;;;;x;
EVTDESC112929;An imperial decree overthrowing the house of Tokugawa from power was issued by Emperor Meiji earlier today. This unacceptable move will bring all of Japan into chaos.;;;;;;;;;;;;x;
EVTOPTA112929;Let's show damyos who is the leader here.;;;;;;;;;;;;x;
EVTNAME112930;Japanese Hokkaido;;;;;;;;;;;;x;
EVTDESC112930;The northern island of Hokkaido has been de juer part of Japan, but now we have the power to control it.;;;;;;;;;;;;x;
EVTOPTA112930;Yay.;;;;;;;;;;;;x;
EVTOPTC113211;Let's fight by Lithuania's side!;;;;;;;;;;;;x;
EVTNAME112931;End of our autonomy?;;;;;;;;;;;;x;
EVTDESC112931;$FROMCOUNTRY$ has given us a lot of aytonomy over the years. but with the Polish uprising, that is now a myth. They request our inmediate annexation to the lands of the empire.;;;;;;;;;;;;x;
EVTOPTA112931;Our Lord rules.;;;;;;;;;;;;x;
EVTOPTB112931;We will fight for our independence beside Poland and Lithuania.;;;;;;;;;;;;x;
EVTNAME112878;Paraguayan Misiones;;;;;;;;;;;;x;
EVTDESC112878;We have has a dispute with Argentina since our independence over this strip of land. Now we have the power to seize it.;;;;;;;;;;;;x;
EVTOPTA112878;Let's take Misiones.;;;;;;;;;;;;x;
EVTNAME112877;Brazilian lands;;;;;;;;;;;;x;
EVTDESC112877;Our conflicts over disputed territories have been long, now it is time we claim and take those lands that are rightfully ours.;;;;;;;;;;;;x;
EVTOPTA112877;Of course we will!;;;;;;;;;;;;x;
EVTNAME112935;Purcharse of California;;;;;;;;;;;;x;
EVTDESC112935;An American delegate has been sent to our lands to negociate a purcharse of what they claim, should be theirs for their manifest destiny.;;;;;;;;;;;;x;
EVTNAME44825;Treaty of Guadalupe-Hidalgo;;;;;;;;;;;;x;
EVTDESC44825;After our evident and inminent defeat, we can sign a treaty so they will respect our core territory while they take over the north.;;;;;;;;;;;;x;
EVTNAME44826;Mexico agrees;;;;;;;;;;;;x;
EVTDESC44826;They have signed the treaty, now the land is ours.;;;;;;;;;;;;x;
EVTNAME44827;Mexico refuses;;;;;;;;;;;;x;
EVTDESC44827;They won't relent their claims over those lands even if we seize them.;;;;;;;;;;;;x;
EVTNAME448300;Gadsden Purcharse;;;;;;;;;;;;x;
EVTDESC448300;Appropiate lands for the construction of trains that connect the west to the east coast are necessary for the development of The USA. We can sell more land or face war again.;;;;;;;;;;;;x;
EVTNAME1129300;Capture of Santa Ana.;;;;;;;;;;;;x;
EVTDESC1129300;Santa Ana was captured tonight and has signed a treaty that maks the end of this war. will the Mexican government respect that treaty?;;;;;;;;;;;;x;
EVT1129300OPT;Let's ask.;;;;;;;;;;;;x;
EVTNAME1129310;Treaty of Velasco;;;;;;;;;;;;x;
EVT1129310OPTA;We have no other option.;;;;;;;;;;;;x;
EVT1129310OPTB;Absolutely not!;;;;;;;;;;;;x;
EVTNAME1129330;Mexico ignores the treaty;;;;;;;;;;;;x;
EVTDESC1129330;We have no other option than reuqesting help from our ally.;;;;;;;;;;;;x;
EVT1129330OPTA;Daddy USA, help me.;;;;;;;;;;;;x;
EVTNAME1129340;The Texan Diplomat;;;;;;;;;;;;x;
EVTDESC1129340;He has come today to request aid in their ongoing war against Mexico. Should we intervene?;;;;;;;;;;;;x;
EVT1129340OPTA;Of course!;;;;;;;;;;;;x;
EVTNAME112940;Intervention in Panjab;;;;;;;;;;;;x;
EVTDESC112940;Panjab is part of India, and we must take it as soon as possible.;;;;;;;;;;;;x;
EVTOPTA112940;Let's subjugate people who defend themselves with arrows.;;;;;;;;;;;;x;
EVTNAME212836;Oregon Crisis;;;;;;;;;;;;x;
EVTDESC212836;With no real solution to the Oregon problem, both parties are now in to solve it by arms.;;;;;;;;;;;;x;
EVTOPTA212836;May God have mercy of us all.;;;;;;;;;;;;x;
EVTNAME112950;Marabitanas;;;;;;;;;;;;x;
EVTDESC112950;Brazil demands this territory from us, should we hand it over?;;;;;;;;;;;;x;
EVTOPTB112950;Of course not!;;;;;;;;;;;;x;
EVTOPTA112891;Yes.;;;;;;;;;;;;x;
EVTNAME96000;War is upon us;;;;;;;;;;;;x;
EVTDESC96000;Now that we are in a total war, we have no option but to win.;;;;;;;;;;;;x;
EVTOPTA96000;We shall be victorious!;;;;;;;;;;;;x;
EVTNAME113000;Our future now is gray;;;;;;;;;;;;x;
EVTDESC113000;WIth the end of the war, our enemies now can dismantle our whole empire.;;;;;;;;;;;;x;
EVTOPTA113000;We have no option but accept our fate.;;;;;;;;;;;;x;
EVTNAME113001;We have survived;;;;;;;;;;;;x;
EVTDESC113001;Now, that we have survived terrible times, we will see properous times out of the ashes of our enemies.;;;;;;;;;;;;x;
EVTOPTA113001;We are a dismantling power.;;;;;;;;;;;;x;
EVTNAME102955;Treaty of $CAPITAL$;;;;;;;;;;;;x;
EVTDESC102955;The war has fallen upon us, and now we have to pay for our actions.;;;;;;;;;;;;x;
EVTNAME112956;A little nation;;;;;;;;;;;;x;
EVTDESC112956;The best wheat is in Hungary, the most important factories in Prague. Now we are just a little nation with hunger and shame.;;;;;;;;;;;;x;
EVTOPTA112956;österreich, no more marrying.;;;;;;;;;;;;x;
EVTNAME500090;Revolución Liberal Restauradora.;;;;;;;;;;;;x;
EVTDESC500090;La crisis política y la inestabilidad que vino después de la muerte de Joaquín Crespo durante el liberalismo amarillo fue el detonante de este movimiento. Así que el 23 de mayo de 1899, Cipriano Castro cruza el Río Táchira en dirección a Caracas. 60 hombres andinos comenzaron este golpe de estado. En la batalla del Tocuyito, los rebeldes ganan, y con las fuerzas de los caudillos que lo apoyan toman Caracas el 23 de Octubre, dando inicio a la hegemonía andina.;;;;;;;;;;;;x;
EVTNAME50009OPTA;Y aquí Cipriano ganará.;;;;;;;;;;;;x;
EVTNAME50009OPTB;Venezuela seguirá sin dictadores por ahora.;;;;;;;;;;;;x;
EVTNAME1130120;Install The Second Mexican Empire.;;;;;;;;;;;;x;
EVTDESC1130120;Now, with Mexico City under our control, we must seek for an emperor to control the country, the Second Mexican Empire will rise!;;;;;;;;;;;;x;
EVT1130120AOPT;Maximiliano I de Habsburgo-Lorena y Carlota de Saxe-Coburg-Gotha son la mejor opción.;;;;;;;;;;;;x;
EVTNAME1130121;End the rule of Maximiliano;;;;;;;;;;;;x;
EVTDESC1130121;Now that France and its puppet control Mexico city, we have to fight for our independence and dignity.;;;;;;;;;;;;x;
EVT1130121AOPT;Let's fight them now.;;;;;;;;;;;;x;
EVT1130121BOPT;Let's aid Maximiliano and Carlota.;;;;;;;;;;;;x;
EVTNAME1130130;Mexico won!;;;;;;;;;;;;x;
EVTDESC1130130;Now that the Empire has been defeated, we can go back to normal.;;;;;;;;;;;;x;
EVTOPTA1130130;Yay.;;;;;;;;;;;;x;
EVTDESC1130131;Now that the empire has won, we can rule over all of Mexico.;;;;;;;;;;;;x;
EVTNAME1130131;The Empire won!;;;;;;;;;;;;x;
EVTOPTA1130131;Long live the emperors.;;;;;;;;;;;;x;
EVTNAME116000;A sad event.;;;;;;;;;;;;x;
EVTDESC116000;This event is triggered with any genocide that happens. I wanted to add those genocides for historical reasons, but it is hard not to add a little message for anyone to know that this was no joke. Not gonna teach anyone anything, but I couldn't help writing this.;;;;;;;;;;;;x;
EVTOPTA116000;May all their souls rest in peace.;;;;;;;;;;;;x;
EVTNAME114010;Italian destiny;;;;;;;;;;;;x;
EVTDESC114010;Now that Italy has taken all their rightful land, it is time we decide where our expansion will go.;;;;;;;;;;;;x;
EVTOPTA114010;The Adriatic Sea.;;;;;;;;;;;;x;
EVTOPTB114010;Mare Nostrum.;;;;;;;;;;;;x;
EVTOPTC114010;The Balkan peninsula must belong to us.;;;;;;;;;;;;x;
EVTNAME114011;Spain's destiny;;;;;;;;;;;;x;
EVTDESC114011;Our decline has been slow, but steady. We must do something to change the fate of our country before it's too late.;;;;;;;;;;;;x;
EVTOPTA114011;Spain must stay as still as possible.;;;;;;;;;;;;x;
EVTOPTB114011;Our destiny is reclaiming what used to belong to us in Europe.;;;;;;;;;;;;x;
EVTOPTC114011;Our destiny is reclaiming what used to belong to us in the Americas.;;;;;;;;;;;;x;
EVTNAME103102;Annexation of Egypt;;;;;;;;;;;;x;
EVTDESC103102;With the great defat Egypt suffered, They say it is time they end all trouble we brought upon them.;;;;;;;;;;;;x;
EVTOPTA103102;Egypt will remain, even if it is not in the map.;;;;;;;;;;;;x;
EVTNAME115000;Event to make $COUNTRY$ not too biggy;;;;;;;;;;;;x;
EVTDESC115000;This is a event to make $COUNTRY$ not a mess in the future.;;;;;;;;;;;;x;
EVTOPTA115000;Whatever, wanna keep playing.;;;;;;;;;;;;x;
EVTNAME114020;Purcharse of Palau;;;;;;;;;;;;x;
EVTDESC114020;A German diplomat has approached us with a deal, they want to buy Palau from us.;;;;;;;;;;;;x;
EVTNAME114021;Spain accepts the deal;;;;;;;;;;;;x;
EVTDESC114021;They accepted ur deal and are willing to give us that island.;;;;;;;;;;;;x;
EVTNAME80115;Mongolian Protectorate;;;;;;;;;;;;x;
EVTDESC80115;Mongolia has been under Russian leadership for so long that they must be protected from China.;;;;;;;;;;;;x;
EVT80115OPTA;YES!;;;;;;;;;;;;x;
EVT80115OPTB;Russia must leave us alone;;;;;;;;;;;;x;
EVTNAME114025;Kenya proposal;;;;;;;;;;;;x;
EVTDESC114025;The German Empire controls the coast of Kenya. We can reach an agreement to get that land in exchange of Heligoland.;;;;;;;;;;;;x;
EVTOPTA114025;Propose this to them.;;;;;;;;;;;;x;
EVTNAME114026;The Heligoland Proposal;;;;;;;;;;;;x;
EVTDESC114026;A Britih diplomat has brought to use an agreement: We secede Kenya in exchange of Heligoland. This deal might seem a little unfair, but it is our decision to choose what we want.;;;;;;;;;;;;x;
EVTNAME114027;Germany accepts!;;;;;;;;;;;;x;
EVTDESC114027;Germany has accepted and now we have more ports in the African continent.;;;;;;;;;;;;x;
EVTNAME114028;The German Empire refuses;;;;;;;;;;;;x;
EVTDESC114028;Our proposal was bitterly dismissed. Now they control all the Coast of Kenya.;;;;;;;;;;;;x;
EVTNAME114030;Support Poland or Lithuania?;;;;;;;;;;;;x;
EVTDESC114030;Poland and Lithuania are currently fighting against Russian rule. Should we intervene?;;;;;;;;;;;;x;
EVTOPTA114030;Intervene on behalf of Poland.;;;;;;;;;;;;x;
EVTOPTB114030;Intervene on behalf of Lithuania.;;;;;;;;;;;;x;
EVTOPTC114030;We want to keep good relations with Russia.;;;;;;;;;;;;x;
EVTNAME33040;An Industrialized Society;;;;;;;;;;;;;
EVTDESC33040;After enjoying a birthrate boom during the early 19th century, population growth in Germany started to decline to levels more similar to those of its neighbors in $YEAR$. Families are now having fewer children and overall birthrates are not as before as the population moves from the fields to the cities and the German society become more and more industrialized.;;;;;;;;;;;;;
EVT33040OPTA;But that won't slow Germany down.;;;;;;;;;;;;;
EVTNAME12341234;Infamy Limit Violated!;;;;;;;;;;;;;x;;;;;;;;;;;
EVTDESC12341234;You're the worst scum of the earth and you deserve what's coming for you;;;;;;;;;;;;;x;;;;;;;;;;;
badboymod;Over Infamy Limit;;;;;;;;;;;;;x,,,,,,,,,,,,,,,,,,,,,,,,,,,,,,,,,,,,,,,,,,,,,,,,,,,,,,,,,,,,,,,,,,,,,,,,,,,,,,,,;;;;;;;;;;;
desc_badboymod;We have violated international law by breaching the infamy limit. The nation suffers greatly for the misbehaviour of our Leader!;;;;;;;;;;;;;x,,,,,,,,,,,,,,,,,,,,,,,,,,,,,,,,,,,,,,,,,,,,,,,,,,,,,,,,,,,,,,,,,,,,,,,,,,,,,;;;;;;;;;;;
EVTNAME123412345;You're below infamy limit once again!;;;;;;;;;;;;;x;;;;;;;;;;;
EVTDESC123412345;Good boy. Here's a cookie.;;;;;;;;;;;;;x;;;;;;;;;;;
EVTNAME117000;End of our independence?;;;;;;;;;;;;x;
EVTDESC117000;$FROMCOUNTRY$ has requested we join their union under the "we are stronger together" excuse. Our small country might not resist an attack from $FROMCOUNTRY$, so, maybe, the best we can do is to give it up.;;;;;;;;;;;;x;
EVTOPTA117000;Yes, we accept to take part in their union.;;;;;;;;;;;;x;
EVTOPTB117000;They can go straight to hell.;;;;;;;;;;;;x;
EVTNAME600051;The Krakow Uprising;;;;;;;;;;;;;
EVTDESC600051;Polish nobles and scholars in our great city are starting a great revolution to restore Poland and end serfdom in our lands. This democratic movement is gathering momentum and might erupt at any time through Polish occupied lands. We can support it, incurring the anger of our neighbors and possibly invasion, or we can suppress it.;;;;;;;;;;;;;
EVT600051OPTA;Let the revolutionaries take the city. Unite Poland!;;;;;;;;;;;;;
EVT600051OPTB;Suppress the revolutionaries or the Austrians might retaliate.;;;;;;;;;;;;;
EVTNAME441266;The Colony of Liberia;;;;;;;;;;;;;
EVTDESC441266;In 1820, the American Colonization Society (ACS) began sending African American volunteers to the Pepper Coast to establish a colony for freed African Americans. The ACS, a private organization supported by prominent American politicians such as Abraham Lincoln, Henry Clay, and James Monroe, believed repatriation was preferable to emancipation of slaves, and they founded a colony on what is known as Liberia. The colony of Liberia was poor and economically dependent on the ACS, resulting that by the 1840s, the ACS was effectively bankrupt: Liberia had become a financial burden for it. When the American Colonization Society intimated that Liberia should cease its dependency on it, Joseph Roberts, the colony first black governor, proclaimed it an independent republic in $YEAR$.;;;;;;;;;;;;;
EVTOPTA441266;We recognize Liberia's independence.;;;;;;;;;;;;;
EVTOPTB441266;Pay their debts and keep the colonies.;;;;;;;;;;;;;
EVTOPTC441266;Long Live Liberia!;;;;;;;;;;;;;
EVTDESC1032010;With the support of Russia, we can now be free from the rule of the crescent.;;;;;;;;;;;;x;
EVTNAME100001:Constantinople conference;;;;;;;;;;;;x;
"EVTDESC100001;With the rapid decline of the So called 'Sick man of Europe', we can now extend our influence over the Balkans, but cannot simply dismantle the empire without the consent of the other Great Powers of Europe.;;;;;;;;;;;;x;
EVTOPTB100001;Let's call for a conference!;;;;;;;;;;;;x;
EVTNAME100003;Ottoman destiny;;;;;;;;;;;;x;
EVTDESC100003;With the decline of the Ottoman Empire, we can decide wether to seek our benefit or the best for the Balkans.;;;;;;;;;;;;x;
EVTOPTA100003;We need a strong Ottoman Empire.;;;;;;;;;;;;x;
EVTOPTB100003;It's time to end the Ottoman intervention in the balkans.;;;;;;;;;;;;x;
EVTNAME110089;The $CAPITAL$ Convention on the South Tirol Dispute;;;;;;;;;;;;;
EVTDESC110089;$FROMCOUNTRY_ADJ$ diplomats arrived today in $CAPITAL$ for the biggest breakthrough in $COUNTRY_ADJ$-$FROMCOUNTRY_ADJ$ relationship in decades: a convention on the future of South Tirol, a territory both governments claim. We have to set a position and negotiate aggressively lest talks break and raise the spectre of total war with $FROMCOUNTRY$.;;;;;;;;;;;;;
EVT110089OPTA;There can be no compromise. South Tirol is $COUNTRY_ADJ$!;;;;;;;;;;;;;
EVT110089OPTB;Propose that we split the state, and that the minorities have their rights respected.;;;;;;;;;;;;;
EVT110089OPTC;A population and province exchange is needed to settle this once and for all.;;;;;;;;;;;;;
EVTNAME110090;$FROMCOUNTRY_ADJ$-$COUNTRY_ADJ$ Talks Break Down;;;;;;;;;;;;;
EVTDESC110090;Our envoys returned from $FROMCOUNTRY$ after talks with $FROMCOUNTRY_ADJ$ diplomats broke down. Their intransigent position on their claims and the rights of the $FROMCOUNTRY_ADJ$ population in South Tirol meant that no compromise was possible - something that senior figures in $CAPITAL$ see as the $COUNTRY_ADJ$ government inching closer to a state of total war with $FROMCOUNTRY$.;;;;;;;;;;;;;
EVT110090OPTA;They will pay for their stubbornness.;;;;;;;;;;;;;
EVTNAME110091;The $FROMCOUNTRY_ADJ$ Proposal: Splitting South Tirol;;;;;;;;;;;;;
EVTDESC110091;After a particularly intense and long round of talks, the $FROMCOUNTRY_ADJ$ government sent a proposal they are willing to accept: split South Tirol with Bozen going to the Germans and Trent to the Italians. Diplomats in $CAPITAL$ are unsure what to make of this - it would settle the South Tirol question for now, with $FROMCOUNTRY$ promising to abdicate their claims, but is that in the best interests of $COUNTRY$?;;;;;;;;;;;;;
EVT110091OPTA;That is an acceptable compromise.;;;;;;;;;;;;;
EVT110091OPTB;That is not in the best interested of the $COUNTRY_ADJ$ government.;;;;;;;;;;;;;
EVTNAME110092;The $FROMCOUNTRY_ADJ$ Proposal: Population Transfers;;;;;;;;;;;;;
EVTDESC110092;After a particularly intense and long round of talks, the $FROMCOUNTRY_ADJ$ government sent a proposal they are willing to accept: split South Tirol with Bozen going to the Germans and Trent to the Italians. Furthermore, they propose that the German population in Trent be paid reparations and sent to Bozen, and that the German population in Trent be sent to Bozen - with reparations paid for the displaced. Diplomats in $CAPITAL$ are unsure what to make of this - it would settle the South Tirol question once and for all, with $FROMCOUNTRY$ obliged abdicate their claims, but is that in the best interests of $COUNTRY$?;;;;;;;;;;;;;
FRA_404;Artois;;;;;;;;;;;;;